Temperature_C,Vibration_mm_s,Pressure_psi,Rotational_Speed_rpm,Actual_Status,Predicted_Status
64.67889996591326,4.795366774583576,92.49741192308264,2059.3563626204013,0,0
69.27956222139193,5.928549419882799,106.75664453256977,1990.475715109745,0,0
70.52100551975938,4.427765877763861,88.14185088985055,1966.9776315996207,0,0
68.85100184712402,1.4315059388701634,108.88446930358556,2031.8666520636093,0,0
82.77143671392557,7.971698908637324,115.33012542249185,2033.805080682496,1,1
70.799281959987,8.66183258370787,100.71420832581092,2016.650106472452,0,0
60.201649380601125,3.969926985495057,96.87071032809986,1933.2154239153465,0,0
60.64604039487072,5.409677651440466,95.20475005368216,1910.219338967884,0,0
67.16851135198614,4.978594470575917,72.7754585900806,2013.32608249891,0,0
72.5751763360433,6.739759949582517,115.16116180355044,2024.6304743406529,0,0
70.92340152932454,6.213897047362979,93.08945622606105,1983.9206157787144,0,0
68.85225672319827,8.628166668970195,107.2098915343092,2028.0855513959225,0,0
77.00799296473215,3.4117997776282705,93.63743165013965,1971.4801630201628,0,0
72.06499456068899,3.462873874885415,107.18062043837205,2037.3805122636024,0,0
79.27751657397131,7.524971863891294,109.02678142699249,2000.289255741333,0,0
63.52460613968192,5.347411211252138,99.72030585513018,1941.654109931428,0,0
70.09008436022224,5.748034868203317,122.3542743475696,1983.0906641508768,0,0
84.99526982957421,9.743827006120137,87.70504842291912,1922.5708483189303,0,1
71.61592741229103,5.618533953628922,109.5949607659944,1948.6343288474516,0,0
92.26236366447608,6.389824625507451,107.03218254856743,2041.7984962136136,0,0
68.03993680040435,7.129183521196759,86.44458138835874,1996.7788900211408,0,0
75.73015072071033,7.772163656158328,92.12448559371292,1995.4309369786029,0,0
79.88339308464148,7.501798221246232,100.87204992037267,2018.358270252152,0,0
76.39225931303649,6.590215728006905,105.487004763949,2033.562983303868,0,0
70.85208111187744,4.932315664513922,105.15719619170136,1954.630952361834,0,0
85.4856821248696,8.712039521616521,100.50913695535472,1970.279315071101,1,1
63.094776984231125,6.911660341773355,101.5524605205828,1962.903027312176,0,0
65.04303825271846,7.838287641249602,99.2601521846373,1997.3722919039903,0,0
65.82428549184988,7.061916901364832,80.67627912504192,1959.847879946788,0,0
71.69276438142957,7.1807603556828274,101.5709865064383,2019.1827511933395,0,0
83.55707518888417,13.947454103601231,86.58740272763262,1871.620744103312,1,1
69.73047575497131,4.718409464630174,123.33035562111468,2051.32096885673,0,0
67.45096653404559,2.5623181116762126,94.13029013979536,1988.4061012469383,0,0
69.69117900069935,4.658343531314548,72.1703956765678,1983.4417867072088,0,0
78.07687844734721,6.404084251904024,79.38476887887751,1992.2095458909048,0,0
74.59538241493884,3.6062954892353623,91.96276339105314,1991.3984318942169,0,0
67.18137723598012,6.156203329981957,88.7271447629307,1989.015647748808,0,0
59.81889748572031,5.487172391165172,111.95941907435306,1993.4792586591443,0,0
68.81722356390527,8.238681731904938,107.88754043885449,1896.1420170349584,0,0
75.36815874929886,6.87842549293496,116.25330309075196,2006.634230956654,0,0
74.63107701120796,1.8788892119135323,114.82832866385908,1926.82484483478,0,0
73.2510058897933,5.00166491703094,106.87902082892398,1981.384082321476,0,0
74.38681145287836,5.061387123093384,98.21293115436504,1938.8887140204024,0,0
82.55778275792211,5.0113402705912,107.61192372701508,2036.3063760675184,0,0
57.55836323293505,4.377625582819509,105.10098731207272,2042.3022504444705,0,0
72.81484618345286,2.9269736469613434,100.74685842636886,2065.054834673281,0,0
71.27691877837158,6.309181121704415,99.16589265253438,2121.155306530677,0,0
90.4489779401303,9.481547825971935,97.1997576707823,2052.1432704779804,1,1
79.93637999615405,4.234087251053631,102.31541068813806,2074.5071797941737,0,0
64.31157164787592,-0.5325479371426667,116.68808081300703,1959.3765083853832,0,0
65.10813611192484,5.064561306275581,103.36712295420612,1930.1885434881904,0,0
66.78240884809928,5.546842216033186,100.34393795307584,2020.9670936230807,0,0
73.92001389655374,5.403959284343507,96.99185869625158,2047.1381862576156,0,0
65.0941723443016,4.941283959547487,107.6921527722905,1929.5507850024128,0,0
73.79484610246634,5.756431780076409,90.3495441942382,2083.462347118825,0,0
94.52650747706896,8.608579704847115,110.21458104015376,1948.093035749428,1,1
79.70608718231874,4.706847730215854,111.26238188436383,1967.707550585299,0,0
79.39191498271396,8.664024069179227,94.9173485391668,1977.9488089738195,0,0
61.5376768514259,3.889264840501762,112.14944106854968,2057.102729617612,0,0
88.86371599218141,8.333968021052355,93.9247909007929,1921.2560006268632,1,1
68.38660080578933,4.343394016393513,96.85398552557952,2012.8288697924652,0,0
71.00284598615471,4.56814088469812,98.69424542704829,2003.1223488331564,0,0
90.811832489026,9.32536794999831,103.53393797458956,2073.734699267284,1,1
84.24840367816613,10.988316636863727,114.71400348166522,2046.7747197939225,1,1
73.48083998579645,3.897885179790936,104.50770417186266,1941.6301509966197,0,0
62.1925338877907,3.493880550567459,96.0129821751681,2087.7655535316653,0,0
70.43071941523188,5.403771380382739,90.322476604529,2090.783872754016,0,0
73.53875967727738,7.832655409421385,112.3746459173354,1937.0851807374547,0,0
67.94061516938767,2.823608163333164,84.85426490941444,1947.0329656362587,0,0
82.19471197556183,9.680599022816809,114.06807528732963,1998.3990597756465,1,1
67.49121478207732,8.487009958779227,101.7567371249178,2000.7327954935065,0,0
72.60970782808448,6.119917046903236,82.67505405032672,2075.3853849656684,0,0
75.24353563208282,4.65158974580079,83.45489605087255,2086.131383035228,0,0
69.68237712692323,5.2546216519559925,105.05389011732136,2050.4381253566567,0,0
74.06431059419481,6.044484293120485,110.8648012289038,1885.032115188147,0,0
71.3174360766553,7.254101489458382,119.62068361898528,2061.117262823399,0,0
93.15305981672132,8.472948227214252,105.85812983554656,2056.322887856458,1,1
64.06200790485244,6.798949359382378,90.76927603684422,2001.650793846743,0,0
75.14728740799178,6.681404768609369,117.83114519992506,2036.66079188108,0,0
76.6259339218554,5.860889427804146,104.20766562518588,2076.4389417855155,0,0
68.51696270465101,3.785164851365888,99.85055920578924,1948.127915179584,0,0
69.27819794038028,3.992731689529181,88.21427215229826,1963.207321204382,0,0
67.50134911924185,5.712887907075968,97.77251786847978,2009.682765831575,0,0
69.61449145292949,4.378059649142205,106.40026618384329,1943.3026832016096,0,0
78.37246216673769,5.367435639758006,95.8656119762349,2077.3054280215706,0,0
73.27950388264881,7.868008203579047,90.34029075388464,2016.1919633163725,0,0
73.46552803631572,5.155307230923763,110.83261776294304,1872.845340526261,0,0
86.34742180309671,7.99637963290504,96.12618254985286,2068.1772973319808,1,1
72.97578512718457,3.202411812571932,105.99084185294822,2017.3681701758064,0,0
82.03794998706982,9.610608006698556,108.3240053859056,1951.7064182872448,0,0
82.0124831554775,9.71891453717081,98.43590721207195,1953.764405979941,0,1
72.33846585882716,4.31021110652729,94.28097150190077,2124.1882996293757,0,0
67.79977756651508,2.99620639374708,98.5177711115688,2049.936328504155,0,0
74.26234321716476,3.52033925135113,92.77403218598522,1968.9117156205584,0,0
70.64308725202483,5.561093132196565,102.25170932226936,1901.901657466084,0,0
75.74836009439373,4.061340434402336,99.06154383776634,2031.8965980027644,0,0
82.7807047441245,7.653146075494863,119.26345405721132,1973.262459770454,1,1
64.52364740578598,6.25548673195051,98.7668840093384,1979.8453855123,0,0
72.20970324784705,4.103781712963395,108.219214824159,2013.241212123239,0,0
66.96176827313263,1.7120320155801787,73.20015514035532,2078.426696935466,0,0
72.45487475819125,5.758005721471022,103.7120676347006,1989.8058265510076,0,0
73.04123095842485,6.895783908644583,111.47802791759752,2026.9481536327864,0,0
72.26754356277233,7.1170352926184375,101.66338865950657,2048.5544169191103,0,0
66.64942399772883,6.325410178991254,120.5150946408558,2037.3139194967696,0,0
58.94069044335247,5.064546459981922,105.13521369254735,2089.920748958241,0,0
71.93191326924031,4.55277121070015,97.9149356904625,2045.831384436142,0,0
64.48165085734816,4.99725686173385,97.1412774502088,1974.9052942501164,0,0
74.09962626317618,7.271421103580725,112.01417031787024,2027.839797341389,0,0
80.44221386434963,7.519621073332294,111.58667023341302,1948.0750331192887,0,0
86.01474193393831,8.985121049158256,88.64567690969432,1917.4230143284904,1,1
64.89383591434644,6.8405518955733084,106.8682749545284,1937.0352224059984,0,0
98.00382698553167,8.487501840518341,105.4525848302612,1978.3511867378893,1,1
89.17125353241919,9.167706070423284,100.12814304566496,1976.674623632494,0,1
71.53490536343119,4.19982133133615,81.22960845369691,2060.197948250512,0,0
68.15236535583321,5.440924081914743,97.51748886138908,1986.4853841187755,0,0
71.54910355113513,4.951584658846073,97.30506244296014,1991.6431957918585,0,0
73.94959861090426,3.665232843588288,107.00497063158164,1981.291320759828,0,0
70.094095248703,3.70335994199642,107.50469861935096,2003.4380875422391,0,0
67.55863078774227,5.457726253812459,91.90433197910428,2039.923066948894,0,0
77.20636644533057,6.936137636183642,96.3297738527836,1990.500928825146,0,0
72.10890037125435,5.854638379556269,83.8237854137385,2041.605510861056,0,0
71.73780806901776,4.011464260010494,101.48057413890815,2006.1277578475383,0,0
60.0223410977413,2.111033272332348,108.6008506774282,1943.2936168760784,0,0
64.38727596877793,4.659586300793113,102.41043277862111,1933.2338730622248,0,0
70.33927755263701,4.113472316399852,125.08306273056564,2071.901436093663,0,0
71.7625248417844,6.545374540954351,104.79002624091989,1937.35001214158,0,0
72.36703707856233,3.132274136059872,112.81495399253411,1970.425587146454,0,0
67.95358780943448,4.379157586587715,98.98592170278135,2008.5622023842495,0,0
69.84398255530458,6.610119053615668,97.8916528134542,1976.9738289419345,0,0
73.38962935669635,8.086716765646644,104.78847573217736,1953.0910074389376,0,0
78.6944983189879,0.5686265881369534,95.38254958653872,2086.113369549352,0,0
60.81820108114801,6.601996667088458,116.35047670619458,1966.03548401862,0,0
67.56196887963753,5.113364559005057,102.74038840649304,2035.82151018287,0,0
73.05838144420434,4.593027532897554,89.04160836996041,1988.7540230222323,0,0
68.5567068053993,3.642578250592901,80.08859851045334,1982.424331162055,0,0
68.98509681302171,6.226972316680792,102.705134754664,2010.5463080981965,0,0
89.96411911417536,8.118836088316153,85.4510783471069,1867.2458991060253,1,1
89.60208357082058,6.966273354997774,106.37898316259924,2037.8297059253216,0,0
63.597853237518585,6.460589346278551,100.32264810771252,1943.0608531511891,0,0
76.58697032817163,4.911919359343057,102.06677628539116,2075.76983746318,0,0
78.5577081902781,8.526814721516411,103.92044503868506,1956.3473720161387,0,0
83.94123158199042,11.67253930063571,94.9709034996198,2004.1014964694057,1,1
69.64200374070967,6.086736590572592,101.43084937027994,1969.59232241898,0,0
75.56344187494963,4.167079254642006,95.07115087616282,2018.85304548142,0,0
73.44853902622597,6.18230621119578,85.60294703381965,1902.495241999062,0,0
72.73366784100689,6.053989997748959,83.16617866957174,1990.5471039573813,0,0
61.784055944229166,3.893394942972739,89.08953282805925,2045.523055122592,0,0
80.41666265764712,10.664625948128998,79.76068389017055,1951.5587942982504,0,0
67.58057082972839,5.29150019500735,92.52570746750796,1959.052377751314,0,0
70.00341409478742,5.62857610213019,113.47678085512624,2016.025320629932,0,0
73.13803148780916,3.3659860434318407,102.4246297172271,2086.489369372812,0,0
79.6158324803469,8.071166287085727,101.77908391411654,2038.3525109246357,0,0
68.55980563038962,2.140645069865929,103.99004759243851,2087.295181609281,0,0
72.86028720857072,4.510196221198143,92.84032776816058,1987.7841480680177,0,0
62.43142803693586,7.509302302847795,95.56478400162884,1966.6677403521007,0,0
70.53722187170446,3.972781835391656,81.64429523129125,2060.17300284502,0,0
65.03068662582574,5.21638028342306,119.43584087377565,2021.975500940956,0,0
72.65513047447105,6.030161105755033,107.35680763759731,1833.2553644687084,0,0
74.30236744179872,2.777628842672948,78.20211338609755,1971.7524236672389,0,0
65.95198240039177,2.7856061839973307,98.79356965870166,1904.1849617001144,0,0
90.76108998814242,9.236016554110195,81.56247041207371,1921.3862110137711,1,1
66.88675319132774,1.673613380961844,105.79061572694673,1901.6452718546925,0,0
73.34327402378953,4.314172191021206,97.40313136558932,2009.308097779087,0,0
74.46298669149655,6.090191069602706,99.27522280405964,1960.794423297188,0,0
75.28028404533026,9.000357833480013,91.66858476671034,1900.673642901124,0,0
74.14866208939587,6.049196370343553,91.67136724845464,2004.2398864513077,0,0
76.87219046585409,2.3685727207662515,95.09051050268134,2028.7040641053268,0,0
71.7922680910481,5.847183658861472,92.93256818357646,1957.284517479282,0,0
61.8476337814243,5.013286555503343,102.3152848021752,2014.2419847677725,0,0
69.99645702711678,6.73204065007508,89.12521831887632,1996.3785465178855,0,0
55.39324758252697,3.233357813012963,88.38248699823589,2064.585780376062,0,0
63.98399572305428,5.161975881087844,103.99779917616851,1930.612345949928,0,0
69.12310772050655,6.657495802706622,84.1177290129218,1950.1566452621564,0,0
71.16892955895374,2.458616156007383,112.373697935636,2023.1126164646523,0,0
66.5472947384187,4.6182858850319874,98.8963524070814,2009.0455337612516,0,0
65.00969686342793,4.2275919403500914,99.22778288401574,1949.573459587368,0,0
72.53917878144811,4.656378453617435,108.41632255765074,1991.9286050983592,0,0
72.29986071469558,2.087212010930891,86.19347829889861,1961.0227762320312,0,0
81.71827026406312,5.887502074539697,101.14232644502356,2020.015304657741,0,0
65.258259978879,5.994261639532449,96.6696022426108,2028.3510916451612,0,0
63.9135865388976,5.744951922469843,124.4178858532977,1938.42502113892,0,0
68.0412092547809,5.553524656737751,86.74842844802238,2012.238742055585,0,0
72.76574578189604,3.98249805599676,101.10335433159376,2006.5371929509124,0,0
94.50513349561606,7.48814974829572,108.65358709050072,2003.419693031833,0,0
64.61660436264494,2.577875206563004,97.42683499410732,1977.609249806412,0,0
72.10047245225921,6.523905835345334,89.28805142131014,1997.7407235787416,0,0
72.96283636923665,3.2664386376246277,95.030368670795,2073.1950393087163,0,0
65.19976852360269,3.738842165152063,80.97373763568558,2056.642110585645,0,0
68.78659361593984,4.97591894112712,92.75080657108398,1990.6078589968104,0,0
64.19108078043818,3.5549054882021465,112.70845621075549,2006.0516939251368,0,0
66.7408194609892,4.759370927036978,83.77025037996435,1982.4162878578115,0,0
62.48459849120091,6.682248817774893,106.44064922957224,2077.382038679764,0,0
72.29590039614219,7.9133683921344495,99.19184426836442,2027.5530062107969,0,0
78.20307281744144,7.053641874144277,94.30369923453624,1998.0241728884216,0,0
87.17574050487785,7.362305697544424,98.21319112392015,2028.8114359797808,0,0
77.40831701231299,5.01878279649468,99.4828720943973,1904.070528822035,0,0
71.83824646495711,6.948724730821501,101.59393197776222,1983.6791186925952,0,0
86.40290041048175,7.766834350157131,110.27552713675158,2039.8626149270017,0,1
85.9825572015464,11.222585254898377,99.76606039756054,1944.154024404392,1,1
73.71632047011357,4.09424255376022,100.7128726054946,1977.6636567138585,0,0
80.82528033903301,5.152682500560991,108.269460609428,2002.88113815798,0,0
70.00263979428298,5.514389565982014,112.58886205742822,2055.454973273836,0,0
73.39686641478252,3.41794331755112,97.8443205658105,2032.8253041587611,0,0
68.42351672356938,5.910413912579957,102.14532918886415,1968.2346732815895,0,0
73.36590675634979,5.18626352711692,96.18228803325955,2080.4770828519186,0,0
76.39732465828875,8.955003712918383,106.37119040411228,2071.3117129039883,0,0
69.29175706994937,3.1229657266410698,104.73196583225226,1904.451081072737,0,0
76.37787675455539,8.775015255033193,93.88484197961644,1978.9111567806185,0,0
73.11355611950134,3.052844144469264,97.30958908111916,1997.2303237258832,0,0
94.18947252298187,6.236804665257192,92.51990513399464,1998.2180719534165,0,0
74.40573360406684,4.279678348801401,90.25939843081778,1946.25052164348,0,0
73.66320038607789,5.108229855232642,94.02721064153752,2036.746798712716,0,0
75.37835929087862,10.305128926452534,92.9419594488435,1987.393842061396,0,0
75.96253756238987,4.015063893800443,101.4621479637756,2055.8760274387305,0,0
82.13358243172762,6.587255140736152,93.4920634493154,1923.018715289702,0,0
70.92316929266153,4.388809839062597,91.74834100254462,2015.5630849833756,0,0
70.09209189594776,4.995820833999648,81.51889887611463,1885.027223816505,0,0
70.84007670266264,6.213887942184948,96.81583146281696,1978.4117255503315,0,0
71.34563470622554,6.949981058393201,107.87276293122916,1960.9261967099371,0,0
62.799745587028525,4.442331482714767,103.424508791769,2071.5817993468986,0,0
70.17041734129613,5.806118004230571,102.1446326746755,2078.198066842985,0,0
68.85700042329991,7.629792203098378,101.69693157971284,1962.448830430474,0,0
68.95488371356987,4.747549365242536,94.22657984291666,2024.6558763608,0,0
76.97841905394978,3.651800284634244,84.74814563337802,1986.8085884799684,0,0
77.72629106558124,8.988194578760176,109.38611078625492,2002.675713715678,0,0
70.09200815391719,6.388515136570804,105.3108513097595,2028.451476862988,0,0
67.47126647869031,7.157253801718553,97.87140117243632,2080.370227491172,0,0
68.2035395460647,3.748722726901065,91.55297001297018,1996.2590789824708,0,0
75.03578600298334,4.513070488403088,108.76212579321664,2027.4875610822544,0,0
77.89606407753696,6.5727239765758885,110.00820497768414,2061.8309871071488,0,0
75.26901026017451,6.156125314428181,100.55170637871464,2033.14968510263,0,0
65.46121909926539,6.655580020583894,113.59385223230744,1972.7799490210543,0,0
72.1865659351948,5.119474373920888,105.88831951541948,1926.5989175616323,0,0
90.31777924102636,11.264743135798655,113.76231970635573,2129.3635727922656,0,1
64.25602982420672,4.899154539205803,102.68166949821972,1934.336385637388,0,0
83.63122421587403,6.800268240794543,86.87339439200721,2012.4231210565645,0,0
76.24809452648333,8.278595925083861,86.88263307754875,2044.7730111837416,0,0
80.71135179305932,4.58731785761743,109.2248117023311,1987.825946518355,0,0
87.76296207806423,7.716797714925584,106.12171618618584,1975.744499034797,1,1
63.60211516632149,3.5111329899067654,101.43428937037324,2005.0337751549464,0,0
70.5711382433102,5.675743585667052,100.46211603670918,2039.6819647165053,0,0
69.49359640649233,2.1999491197940872,105.1141525502188,1895.315127493495,0,0
65.6980749461025,4.244524609436605,105.27438651859995,1960.9321152191528,0,0
73.65479488188107,5.289484462659394,102.11124776844667,2061.423324521177,0,0
72.12921829314915,4.102580998703228,93.7615975131274,2068.9178610711274,0,0
67.12181086881112,5.044145887516328,109.34141442233695,2036.853533530884,0,0
72.31086333040972,5.050165201959726,110.73118026799376,2014.1839224849427,0,0
71.88550196951093,2.242222065091894,105.7726236720092,1944.441735055001,0,0
61.48308780322422,5.51273782093245,116.1652165451375,2005.0401935229888,0,0
67.09675848723025,4.576639112115156,94.2466263195692,1995.1625297334824,0,0
71.93404260344602,6.337794533241123,98.16011339897037,1990.8842649641504,0,0
66.18356947910709,4.51543644684049,97.09969598533807,1986.7238569283325,0,0
86.40141722025137,6.254690695927085,101.71187143745662,2042.786766043042,0,0
80.75080022296981,6.360570476585827,91.33429445574504,2000.226464552578,0,0
63.88552490222218,5.944609271613107,113.49546313833744,1990.1235697854397,0,0
68.28403862251295,6.440457752130002,104.59575488311066,2007.1606541603064,0,0
70.93227157384713,6.803864757837841,98.15123243754736,2008.0352275639232,0,0
71.11066885816857,1.5436820960840496,94.24813550356484,1950.456962299164,0,0
69.08401690639806,7.154552051365631,110.41732852654596,2063.9807059588875,0,0
80.06135222850382,4.014447144474014,89.91986776829322,2063.4179305748034,0,0
82.84837046966655,9.03150739526593,102.55328171745045,1854.4225040339677,1,1
69.32860418906849,4.691349509484242,96.62973625318624,2010.7492268166372,0,0
65.1259671203858,5.4256820417571205,108.5835123300539,1970.954141140294,0,0
65.85901863517383,4.8037991094095664,99.4808164122394,1954.780243852269,0,0
73.6381477181849,4.755944447646362,99.3822393772944,1966.4309778177524,0,0
65.92312185841939,1.6163130033578788,81.60362127437696,2067.867074785814,0,0
71.93685740316495,4.858596393852649,98.2079734568086,2026.7067971132992,0,0
71.6438120515174,2.8174180923641723,109.7613869006692,2073.0409359144555,0,0
60.61723646979063,4.8066839319668695,112.5215903696611,2000.1059210508736,0,0
70.9330456157818,2.189838044068075,94.72933881760224,1999.131599624545,0,0
77.1137406804997,7.408429748847677,104.96248566245428,1958.852568706882,0,0
65.25541739587581,7.028059048961489,110.2488643276593,1982.001191320955,0,0
61.72571664067115,6.060548539416177,88.84782772029081,2036.2037525372152,0,0
63.69558022832477,3.551326050704061,94.41866740342547,2017.873509292436,0,0
75.94456685737322,6.418832234831958,95.93848583426195,1937.0901354986536,0,0
72.6141774401775,5.374176418895108,105.54638708131807,2000.8927650741089,0,0
78.08606287484312,6.048429607576132,115.62265110655068,2017.927722994491,0,0
89.28369030650454,10.85103656744103,114.0943442405091,1984.9390427973408,0,1
68.86760554049236,4.579246919882574,104.30142974315372,2016.7563066536832,0,0
75.60928928115236,3.762062058753704,98.58758178931468,1960.4266178743571,0,0
72.02106432638666,1.758044170546457,93.84686117926292,2040.8933212474817,0,0
72.24736956416153,9.047493253905632,109.07979757805134,2000.882090436751,0,0
65.15128140182662,4.575861008555948,101.65615125096724,2005.7930379421,0,0
69.33683126808714,7.193381906052093,111.26393449722066,2022.1281214511405,0,0
93.12115686466448,10.362616604016903,114.98546360669854,1993.986403033712,0,1
70.39900742029367,7.98814161124618,87.31248992398717,2021.770782636547,0,0
84.0240628122405,8.354196777532291,75.39564177903794,1971.5585706221705,0,1
73.70412172710063,6.591884387768177,96.71110503329191,2003.984703369136,0,0
64.70779683179174,5.838042924382728,91.41524108827358,1972.8512146613996,0,0
59.0437307441736,3.730940491058549,86.64983754351977,1959.834357079644,0,0
63.51584026022077,6.352593045710411,104.27376045470795,2035.8363823858672,0,0
71.0057982793642,3.611911613535566,72.00035697406415,2025.8500151256967,0,0
67.48262172941901,5.146740762061884,88.50258544632106,1921.9060714137784,0,0
72.51372403745407,4.649589558525702,95.64806667802206,1976.5825655720275,0,0
61.96169486440971,6.780616518112633,80.12689770273572,1987.3559967110812,0,0
66.2401533413059,7.098841925106739,94.4832486195332,2001.3505277150955,0,0
74.889077748431,5.228788824346425,96.47950343967707,2034.2779181608591,0,0
79.36648888108773,4.018199643502535,121.77320381042222,2041.3325898716216,0,0
70.61773847977791,3.1464454669258863,90.58466079732256,2034.357015300149,0,0
74.19470250234806,3.607670048977973,118.26647079311938,1974.7189707040409,0,0
74.13557714282884,3.923220178468947,131.40422910102237,2068.863195190662,0,0
75.57160847334436,5.937355391981065,107.85992812703132,2003.1075453042863,0,0
72.12033430759226,7.122260994238332,88.23301814229093,1945.7621782920596,0,0
77.69018283232984,4.67049582147356,88.83549144815953,2026.160950558847,0,0
106.1418954191427,8.186151935012308,113.12207993601533,2018.9176984676365,1,0
63.536873264238686,4.175112751303482,101.63871401736456,2142.350479447882,0,0
66.79256545477845,7.663236273860072,91.51622196117862,2039.771635340372,0,0
67.0030367727799,4.070341807619183,109.49889068249291,2033.3792480238303,0,0
84.28415288034499,8.099982513168175,102.46183944295969,1960.188793861309,0,1
71.8510594497087,7.112929240168879,111.82894938877924,2037.4060016125936,0,0
64.05294053566337,5.94983796517264,104.63723057557117,2060.0400409714225,0,0
65.2028038163826,6.210569624910031,90.8436770364154,1989.3161414705887,0,0
86.47244113717312,10.361505404481989,101.06072576386838,1979.8665894381636,1,1
69.53306570550026,2.745429710963779,104.6446746972356,1969.1572333448207,0,0
73.48951636269514,5.737990230254744,96.63796263333236,2144.532149519957,0,0
66.08123239437786,4.266265737223676,121.66959267246966,2021.2274299859837,0,0
69.67124869463507,5.604911844555757,97.91082042629128,1969.558841878832,0,0
69.24142783211386,5.220615241168961,108.03986495890504,1991.8875730020752,0,0
90.73507814210784,11.901498210242789,106.5611620186027,2029.5344022422096,0,1
68.74583491772476,5.2729848239341965,115.3018562379656,2035.4514887659152,0,0
62.923664040379066,3.680534486673139,91.4056181320469,2043.5522646572608,0,0
71.20102921973111,6.301708189313668,118.6803292495911,1935.779248652245,0,0
85.58619537014934,7.391293048074114,105.39723679738309,2047.5528431240728,0,0
85.28459829121454,9.333618143940656,85.48165254831565,2022.7984199940292,1,1
68.8293152152541,3.0886518213848078,92.28957842858796,1957.682650424367,0,0
72.84880178599323,6.747486323845885,90.22245598957952,1913.2344648203612,0,0
67.37060162052398,5.852966924019156,96.52010450404416,2008.62099260457,0,0
75.28907090410398,3.4702979994581096,97.17687958075072,1940.1073127337045,0,0
78.32675958811765,4.426124235916349,121.77554188680772,1950.945636835266,0,0
76.00130874869414,1.4223294519604457,98.4079828841336,1998.291405923284,0,0
88.86307915252134,12.78629422563962,90.08805782375444,1949.1377315356576,1,1
60.846835515717714,5.548639979139374,97.38219277657294,1969.050827455694,0,0
91.63915687904584,7.835629519564058,97.15204443352567,2028.26001085423,1,1
66.74678715439086,4.274574290666845,100.2250038824544,1946.681846230759,0,0
68.99254233026241,3.788524163379853,84.71412017736333,2035.8965692911331,0,0
69.38135526862582,5.121937137563721,92.10753405113805,2023.9111970081312,0,0
71.82480501233113,3.45346208727904,104.892118246643,2076.5023720780814,0,0
73.81859359826677,8.293726406338026,90.77946952822572,2055.3655834670385,0,0
65.12735347664679,4.564319125658317,99.01391600995322,2043.5676837865508,0,0
68.65062532353315,5.614157795963378,104.99558908249205,2020.2204077035708,0,0
71.86674279855698,6.194645549963166,115.58628017070086,1964.6573299242827,0,0
69.63026217195804,5.081077494269001,82.59299393619665,1954.8398195552277,0,0
87.13506956117357,6.514952367997286,92.10647634097424,2040.0892592164244,0,0
70.01523010076707,4.829499966377847,94.8453072691614,2069.5995788090668,0,0
71.64754367786504,3.239190010540957,105.08763331049305,1955.5373918764544,0,0
72.39720759043033,3.5899761018143685,99.12851607664577,1989.3882849192228,0,0
77.08711632473046,9.85657750450336,96.65226675295172,2042.62044388991,0,0
68.3883976539433,6.165405054397275,91.99824701335896,1983.832316528064,0,0
87.25522895276217,6.1142987506428845,103.91551175260092,1890.6309542511976,0,0
74.75007914334823,4.586156417839739,76.86140504393126,1973.3574229569908,0,0
75.98285750832245,7.085382991267984,97.73337796276,2007.0855895158757,0,0
73.35765585864527,4.450487484293364,101.8324191045872,1964.813152163752,0,0
72.92952100582325,5.847164396471226,93.24062335196172,2014.8583573612452,0,0
71.62229302176259,3.6497596581895055,107.66455959849708,2039.2183567885272,0,0
72.36735949517615,2.574242164931684,106.09909122654643,1949.9431221057423,0,0
79.77078716875143,4.741937961101791,86.39976423689406,1943.706458642744,0,0
69.55858975824373,4.723951401201496,101.92619147586936,2049.96904731964,0,0
64.50689787411093,6.04585706958547,99.84312033243062,1928.1227109277795,0,0
60.6512915015229,0.2922280006489401,101.33760574054229,2045.3324192904645,0,0
70.2583048842554,5.027378691284169,93.4094030948546,1980.16519100174,0,0
90.04182946882216,9.197302703642404,92.46811087211532,1963.991854816009,1,1
67.61171276617442,4.619072440404147,96.29068896392332,1988.8717464614292,0,0
69.03819517609439,4.798729683984613,97.18796404597234,1953.352576491349,0,0
70.96794955683772,6.030434948148016,102.83927887604722,1958.3696390130576,0,0
65.12063373511333,7.086458537002101,77.51503465500345,2025.5777764261,0,0
93.77967828092956,10.74865010463727,91.61342362479417,2055.60745314033,1,1
73.07683742006526,1.26078425090697,86.99549771078087,2056.1484685792866,0,0
64.66189785308703,2.702697027134535,101.2079023250111,1995.140522808828,0,0
72.46658950440445,5.855631760041193,98.54966308471576,1995.8931668222976,0,0
76.50870644699398,4.963402149145765,108.50982678506765,2015.330989349096,0,0
74.56885810692793,4.677205514659729,91.71596778251748,1998.6026114360852,0,0
79.43092950605265,3.4550415878345966,105.62910660285084,1989.3510671724891,0,0
71.60848903098007,4.121310914826965,95.5302244719396,2035.3260386710317,0,0
78.86125798334872,0.9881493077687892,111.10677684054092,2077.5688860504747,0,0
75.362536686549,3.767277757367981,106.09951387331978,2055.927070466797,0,0
69.07170511668092,6.570367691732209,102.38498925673052,2001.9042252859747,0,0
75.1815144603624,5.54287140609579,97.97031656852114,1951.263240904379,0,0
89.27499241216064,7.502690497357143,94.56089946486742,1934.0414021083936,1,0
70.38578248108858,6.15569539353084,109.3857106705994,2052.095630208874,0,0
73.01059160196242,4.963570256494961,94.10240759332864,2051.2175894929983,0,0
65.88032256514,4.4237275014395365,91.09303914737724,1997.7656799279905,0,0
72.33214991216764,5.238134076406315,94.0885317007439,1925.5870893588483,0,0
89.93534075712142,9.708537355665047,111.72967699164266,1992.534328906416,0,1
61.480642065866405,4.709585733446738,109.39202851662048,1930.781092789316,0,0
76.10410649406523,5.004590175107859,97.62276626652888,2019.063457348399,0,0
66.0373963078365,4.847007925046102,116.85701754034972,2020.6813188857168,0,0
70.1210972833638,3.351441163202211,103.67199798775388,2003.9894215716165,0,0
63.16431096769877,5.962841184287957,93.64694630378337,2080.5038061594823,0,0
73.35240308620607,9.0661914485608,113.45117173611789,2035.3487732235296,0,0
73.18662341511536,4.674759424666785,100.96866032475876,2078.4099845263745,0,0
68.0752855579496,4.36014312075414,87.19387854638892,1932.7829763927557,0,0
69.42387883723902,3.203063056489007,103.74907686300776,1992.8612523414652,0,0
62.14887640054772,3.045732854712882,102.16554738378206,1938.654216185238,0,0
71.74170869623063,4.6989721724370055,113.35104617268624,1940.2464718242472,0,0
75.59622458782047,4.984691599413601,126.98040456817428,2007.9195977876236,0,0
72.10960377117642,4.17888871584969,103.94757389107993,1942.0603466787695,0,0
66.68688120527077,6.130129195253646,81.0796642751433,1885.9168963789712,0,0
67.26979100591639,4.925134650438257,92.31233171439308,2008.9699019590223,0,0
81.96054817636997,3.843779554078866,96.82771611778524,1979.3627952889224,0,0
67.41194350481915,2.5732990792769943,106.67218939304529,1985.9353173665213,0,0
73.80207328072149,5.729464990025332,103.8203370571601,2056.614368741947,0,0
80.24906047892964,8.878962763525845,118.16793236662372,1976.4977407422568,0,0
84.4583505704255,8.614879870059005,107.73877173442824,1973.013660092412,1,1
70.78486480484217,4.725132135186077,95.14409887954992,1885.7457752665323,0,0
71.219003568856,6.866847740532883,75.07610348416932,1963.6267146883165,0,0
70.8024481198674,5.102483194909726,101.69685090857752,2025.212862224208,0,0
62.21709050670125,3.082471056796513,94.47075983763766,2033.4537627248185,0,0
67.11614334715834,6.793297082130064,101.6549156413314,2017.9117297007224,0,0
71.46357741070926,5.76590103561547,95.67598812722038,2055.18134552224,0,0
75.41525621587638,5.224184134494965,104.89130556649287,1935.4916292774271,0,0
71.33525132934629,3.777865995764678,100.9600926799705,2098.0552145645734,0,0
71.33696157035952,4.479842634849931,96.9943060941475,1919.990535661892,0,0
72.0689954872575,7.819811824131512,83.38419010822008,2029.5644794646737,0,0
68.88639649611696,3.229309272151877,104.3454009725429,1947.4418196824904,0,0
76.45322230461274,7.239428934130741,89.89409396841405,1959.9829683982025,0,0
81.97004841032538,9.924474771041885,85.75028828184588,2034.9041732458836,0,0
65.21424542552478,5.593060521778499,123.74466283283992,1891.1381965551632,0,0
68.76487149627002,2.3911922717408,101.27173919194286,1943.6247876456755,0,0
71.68801331037601,4.904639691220818,110.09585967891194,2045.959307683848,0,0
69.11526386252976,4.046688351776665,112.98693290993424,1939.373902645816,0,0
66.30114418013517,1.4854413475222388,100.82202926262796,1986.8558763482315,0,0
73.27701914925119,4.496332073389367,96.74486587005065,1966.676003651826,0,0
73.2616516908834,6.464759883594747,93.72963490850157,1954.185347649772,0,0
69.69498014072309,3.742735276502703,98.39513779671438,1994.9976844448167,0,0
68.46095764430558,3.4736228341799364,102.91374456238584,1994.2605589182724,0,0
90.81620179145526,8.07960693177641,85.89197714909041,1996.0467490256317,0,1
83.00841557090197,4.071315577625103,89.6746672379059,1965.439378110444,0,0
74.98023842902909,5.7821740985892935,103.80067440573832,2049.426305232372,0,0
55.80460670257287,3.230334875938237,82.83502422856134,1884.0878509823751,0,0
77.06110277707714,7.694997802512526,99.68528629796316,2016.3426203130464,0,0
70.07809166974802,3.504157568841836,82.04870803380132,2062.308249893897,0,0
67.30579071903631,4.56502796834504,98.27607300190768,2028.365281264613,0,0
66.93298668229531,6.036366436088289,102.29572641074252,2012.5934724159013,0,0
68.88267008814074,7.522238686127023,89.6991394509557,1982.5946327399352,0,0
64.64904218552834,4.524345751139052,113.21211126077576,1961.7173357377312,0,0
70.46422450570557,3.723673866441652,94.73609134889324,2005.3593232391208,0,0
68.93895515049424,6.362033993804287,76.95142827403711,2015.7686448063696,0,0
73.39473493881117,5.957814975901399,91.14065074534888,1941.4742534935544,0,0
68.84566813077616,1.6316211536522558,97.79210850207946,1901.1891967804845,0,0
74.56792313116625,4.837791514412875,104.22628617192566,2073.90919678195,0,0
68.14692833956947,5.8971487325712,108.15324166809016,1953.147116176693,0,0
73.22259245822646,6.45573268942007,85.35293318382433,2026.5244899264935,0,0
69.85368593157511,6.347175986183521,85.49087071405987,1982.7827047533144,0,0
64.04348251398676,4.723781276475197,105.02546246454182,1947.0924503764656,0,0
68.432351569138,5.676839024204148,94.4724921293368,2084.775790962493,0,0
89.93827013730046,8.494550860895725,102.38566126142076,2067.986962751851,1,1
74.3480296005283,4.6791872486680415,91.44257420048493,2107.135551723209,0,0
77.35517345408552,6.4815927738869,109.38411423873292,1964.8968218822345,0,0
77.77377420683223,9.812696782824275,100.49591827661584,2002.069288115356,0,0
64.56972708940957,5.420353919003741,90.97761797285231,2012.4112753705167,0,0
62.16070287317272,3.8865079806851424,101.69597676394936,1999.579316701432,0,0
84.6293271304914,10.135294162626188,93.98102839067388,2012.48627435268,1,1
74.63088773765821,6.054713813330006,115.4132114480132,1995.6726919659695,0,0
65.07503437091492,1.2187294901408985,87.5663773932011,1983.2481053990823,0,0
67.87881833300978,3.3122208474032573,98.99972141058664,1980.366267323696,0,0
73.42794873149208,4.179212316676264,113.83424078555976,2047.5666303055275,0,0
78.42507139354255,5.365212615705155,105.7058470011986,1887.0306871047908,0,0
79.49940967447608,5.0485943205253685,106.22379118473118,1958.54205387573,0,0
69.4325967705893,3.265167174398996,85.08772168609538,2028.8178008806904,0,0
69.73446599151545,5.263405324706556,113.43546506622052,1946.2768616822,0,0
74.35033865344377,5.7208801376415686,100.32863373980211,2060.233796787846,0,0
68.12588971689097,2.7201608005715228,113.065540677345,2007.6066859432055,0,0
72.19237869404864,4.888482005362214,119.59683981955882,1978.00733684498,0,0
90.76933581922616,9.176287035642137,108.98726774013645,1891.161014951408,1,1
66.43913067911978,7.496962732949413,109.0077513179056,2069.9951720584777,0,0
71.51317732619516,6.757715214910768,89.81746098582272,2066.6819280929917,0,0
65.39663203460317,5.462438095458231,86.32673538715045,1995.84096699478,0,0
75.8585895735808,2.950702493496624,113.06617069295048,1951.9693411793587,0,0
77.26767038578659,2.2204722756536466,105.49574316064444,2025.3318227454504,0,0
68.36651893406818,6.433903733496143,92.56300083094816,1979.457140043176,0,0
71.61359280169044,2.2894379076022755,96.38769807085627,1961.5427360096687,0,0
63.776726483442914,4.432130385180269,98.90806905499448,2043.1707035780803,0,0
64.95956844541298,6.037427862682082,106.56406565489972,2073.268971374926,0,0
81.15650073096316,7.00898988422,86.85251139689578,1957.7480744141865,0,0
83.36870029012894,8.154872329708894,104.3345244169948,1985.0531301490084,1,1
73.01623750285697,4.385989137172063,94.6991041399513,2065.5801014861963,0,0
72.15020823595535,4.500443571419358,99.66931998638232,2064.063482270067,0,0
68.92539484855632,5.999941825185336,98.06005207433375,1966.184206821132,0,0
71.44361831412512,7.833918193255994,107.90617718839977,1970.8535252200363,0,0
77.24249614946463,7.9585167186233,100.61734676460296,2015.7748404161744,0,0
82.02515841285677,6.808423398543235,100.96897876034316,1957.703317994852,0,0
71.5958725520959,3.3516256179077093,116.03866067267866,1979.7474523527223,0,0
66.35769189159828,6.907849318135915,115.16347465799196,2013.639669314299,0,0
81.04403210318601,7.856099442545151,111.02692046074378,1982.2574634324087,0,0
67.25229862702233,2.115842341906496,102.22716062600963,2017.720328373717,0,0
78.38196513604102,7.961118031617536,105.66760381117658,1986.4731631419368,0,0
77.47469113726618,7.748841860534019,99.98485497051954,2053.9325972979864,0,0
69.29237123316526,8.081138662153963,99.84222311100328,1984.507388765475,0,0
69.81182648787576,5.591869978226329,97.54827578148614,2045.3805905523384,0,0
64.40191283355495,3.796354940202745,90.4989543085435,1973.6917314469904,0,0
77.43623077667964,3.4249178152652204,94.97413486094317,2045.0809724462367,0,0
89.44124903401158,8.560227772492954,99.63552679741964,1981.879878315596,1,1
66.88429736787617,5.364701982707734,91.35569686326464,2091.6557074199227,0,0
63.384551032962506,3.693908342534388,75.22493881370983,2045.404514913107,0,0
62.95769351818221,4.094211603144568,112.72198554250096,2003.655212719037,0,0
82.59969080739863,3.94810944579047,111.56803948913472,1977.915494778576,0,0
66.46187052588986,5.941520626811712,103.49827912680088,2028.8096375164207,0,0
67.26570529379804,3.61638052273407,102.45235847894236,1967.0683959522485,0,0
91.27135473234424,8.72682565149898,87.03087386728018,1992.551416761782,1,1
89.1364618082897,8.14043077412501,106.33195178671916,2044.4929744325468,0,1
66.85368303153605,6.557018790973944,107.49938392944838,2039.0714459732765,0,0
81.49449061809625,3.327766718971379,84.26370977883016,2046.7137008818277,0,0
66.64188316030975,7.250411913501482,92.55021232514945,1973.364945622251,0,0
87.90623256992116,10.089460772371384,112.5687803167492,2073.6868789038085,0,1
66.82857076155298,4.567200648977305,82.15061467127896,1967.789850084003,0,0
63.27064538263392,5.214485952213825,98.31662365762809,2031.170857930058,0,0
67.35511145967992,3.8297841779183424,90.62046591155108,1939.116431119676,0,0
64.46421591598774,1.997389748785608,93.23660284236456,2021.1539980162177,0,0
86.84988178429865,8.327924669165935,86.35323674099459,2010.396484598084,1,1
61.586706529386575,4.723566497250932,99.75169685873352,2045.1583795997387,0,0
71.7780667439283,7.234399114171474,105.87694901867812,2041.1429611391677,0,0
81.46036043282784,6.794794954593931,107.90349008692289,2038.576126543806,0,0
72.04303653850884,4.3116847324625045,98.09474810379965,1939.5017485666413,0,0
74.11030079997245,4.244645571638424,115.19336351090644,1943.7672155833504,0,0
71.01164398211401,4.072452469933805,106.98425134384372,2018.4989606940371,0,0
66.94115454547358,6.308229658526082,85.68885857228744,2025.06245434036,0,0
69.04486118699916,6.030857675592933,91.7871361592714,2027.569917138912,0,0
67.23205879146003,5.078789552322975,100.39569724133648,2057.0948268484003,0,0
80.62385701508481,5.260920812619217,100.55208008992334,2026.8682712467407,0,0
80.72338950768925,10.663840056253862,87.30076912672453,1991.9276433415064,0,0
67.05566586630653,3.662684765218243,118.14252827700275,1968.972956227717,0,0
68.57807675196746,4.435366168117707,99.8507462755704,1934.6589329419423,0,0
71.94187864615084,4.628068689008166,88.71036734866834,2003.742590610781,0,0
72.73559557587605,2.098868381810634,93.92190019970344,2019.705596518543,0,0
67.58219258076731,6.710375829006807,103.14762561455164,2034.4691271487811,0,0
74.89429025390898,4.0374092845218055,86.95996822163362,2074.3075662571678,0,0
73.16227108321151,5.816689804291194,105.99643640725036,1985.2617962887236,0,0
76.19141535716818,1.6208099079029914,109.61093457232084,2001.605772771616,0,0
68.70204324318198,0.7504545647858905,110.69283706395184,1972.7172302818708,0,0
73.46361377558429,4.456251495676897,94.51194977222832,1991.231015783951,0,0
80.12154811643427,4.87715843064126,102.60866174721976,2021.339509662932,0,0
61.1188238355084,3.212187943713125,94.43835430578,2035.5212267045724,0,0
75.50479817499286,4.899083802629698,93.88811497749714,1973.8157233661552,0,0
65.04731837434656,4.5894061217498585,104.72815069927832,2022.5773745619756,0,0
72.51392213447598,5.223170952210958,92.19195048421008,2108.5996604747147,0,0
68.19268616653007,6.295885324943669,106.82489209260636,2029.6475404712564,0,0
67.75887691849925,4.436736529040751,100.9004158386696,1997.3694063321807,0,0
64.48853925081788,2.8755967109890888,105.33626424816477,1962.5862672611152,0,0
79.35898509965347,9.445059296972287,111.97178531461913,1962.6391345756629,0,0
62.923146289747926,6.543153487135221,114.05647597507964,2073.6491788814915,0,0
66.8759071115216,5.030625750819377,91.73634714734132,2030.8012854373835,0,0
75.63282514773879,5.124481128218765,102.34928125088116,2009.4239495544743,0,0
75.45655060297135,4.456478663680847,118.70138692821304,1996.7595373219435,0,0
76.00265829236936,3.953953658125744,110.2956692382275,2006.625404842109,0,0
64.05383767461436,7.237510788202711,90.10340712488733,2008.9833019435796,0,0
72.91368791586932,4.433864898304505,107.422099624265,2064.95906263146,0,0
84.62049215877101,5.447321350171702,99.8166193336629,2012.5796403630868,0,0
64.21792091628072,3.1256526321139924,90.53199905818668,2091.0290134132483,0,0
73.69826575862336,6.32788448129894,75.293367171206,2038.761536441888,0,0
66.30485670988384,5.236019851509616,100.74628009816848,2014.118887559976,0,0
63.51941667875053,4.0432869607100965,79.65644132115636,2016.1010239827608,0,0
75.58647915794064,6.287208606401024,98.4860250805859,2031.461909014762,0,0
73.07967803472133,3.4292636469646034,99.11428932731212,2027.7929229658705,0,0
69.44245586428528,5.998001801763312,107.01131200712918,2045.6640309020145,0,0
76.99797322572897,6.547070787915996,110.03313312814902,1986.6713857535508,0,0
84.17139761781858,10.59920416492287,101.15239866972018,2019.9116392346136,1,1
63.021053989037576,5.311790751600621,90.10845482007014,1932.3108619604257,0,0
66.39131223331373,4.054785754786479,107.57056001819416,2031.4365274129816,0,0
72.22386903915798,5.844281720685696,113.42956331631228,1966.2144234920652,0,0
68.72522103223152,4.302849164132408,108.38177219599436,2026.158001670108,0,0
77.86993381645016,5.104005742573022,90.15053874882967,2056.107086695976,0,0
64.54187413920448,3.027682003393382,108.47928753355282,1986.093283085509,0,0
71.81557813872261,2.6824153888903477,98.26185149530627,2038.325188350279,0,0
60.79051113521072,6.172913803177877,95.3507698563528,2043.0824431161575,0,0
67.24731575254208,4.5365599781031385,91.95248186280864,1967.2777133224347,0,0
80.93627874873238,11.374203711011502,112.09893960019104,1939.7592829531272,0,0
67.72230236988065,7.018902511757473,93.74892579306348,1995.3189340464692,0,0
89.00668442511278,10.330543964335384,101.07145329737568,1995.462662133044,1,1
71.54999491582778,5.352702949049283,95.7799410329092,1989.784639569992,0,0
73.78747574668743,6.450434968017225,114.36089346182015,2044.6420277159648,0,0
65.45987962239394,5.232987498799102,92.8519274100853,1950.5042343488224,0,0
71.59260502399437,3.817885619144493,92.55243843215612,1960.989142593118,0,0
69.37989306305002,4.675371932542443,83.78547375447778,1963.724084777904,0,0
74.30818062248972,4.116119403807399,109.276455318033,1959.786603927529,0,0
67.52517259815963,4.739683373657919,98.31860353950832,2025.925641680133,0,0
71.70575987408321,3.507239060151144,103.56412583534376,2004.0192519381828,0,0
61.84362092269527,4.420996136525841,107.84284753263752,1910.955917995985,0,0
64.55183481328805,6.417967656853798,103.0939044245982,2010.9935071186972,0,0
91.19088809546612,6.940251375147384,102.61625263580773,1931.291327381423,0,0
71.7531504963678,6.786636024719288,106.03733016190222,2079.196822048174,0,0
77.0139715546805,4.613569271733509,106.99212438671988,2029.626050488044,0,0
66.13561166088195,7.340383294296396,103.56667607249848,1977.1343546721648,0,0
76.29616619893399,4.8559990073992125,100.3891582801733,2001.6824979267765,0,0
58.51909523431381,4.022167126202929,99.4213384078566,2067.1373801658383,0,0
85.37199300869266,10.46864941271282,93.61969834347626,2087.3618664254946,0,1
74.76568316956623,3.272003678631285,104.33184067271544,2034.1326253646291,0,0
64.14172826341219,7.384284554155793,99.46948008074894,2052.7091582318653,0,0
71.58179160768073,5.9440409501433376,76.29114626693561,2025.4133660731677,0,0
65.45158291509082,4.468690417236818,86.82200247891026,1958.2902953063108,0,0
68.19980365621508,8.45891987895161,114.44850287259808,2035.740834424004,0,0
66.18637610716893,5.048277630555259,107.87543324326865,1993.2677954087603,0,0
69.50555173404429,6.018092103919129,87.7011688471346,2072.6817075437475,0,0
68.90977052303813,5.13409291839742,97.98961228133363,1982.9190766614845,0,0
70.5268775307298,6.624499907775302,98.39549956734366,2024.35432795578,0,0
75.62717392207385,4.55330576566406,111.12292449891729,2109.816611726126,0,0
69.07548931778506,5.919186112374934,79.15668378657199,1949.0981164038592,0,0
66.61217673832172,7.052141355222347,95.29150169877715,2027.9279076640787,0,0
91.89904076577052,8.867482019279135,92.41334798457228,2052.5560873879,1,1
71.63939762079679,5.702810242319104,99.41073645476948,1991.013374299494,0,0
56.26247578637383,5.212393680109824,101.35518002791795,2016.9297216557927,0,0
66.73335383713145,2.6618195074642377,106.31418606272406,1933.756934807488,0,0
65.60358608794006,2.6192178954823198,108.70817551863465,1960.658618463248,0,0
69.69798135401545,5.987947929185765,98.18339072814196,2003.5615698729507,0,0
85.64285670232135,5.623591001028452,108.23423184562311,1952.013383258353,0,0
74.25110871056746,7.004986036638474,115.6235450937323,1974.428123560873,0,0
67.13168996559882,4.917832459491763,114.04316281994952,2043.0075397936275,0,0
74.36412175502818,5.833739041362691,116.49191323334462,2006.3127936356968,0,0
81.53958125308056,5.219713417479977,108.20908521169108,1939.8216551885585,0,0
67.35473661326853,6.933295137809454,93.23945633451196,2084.4078526451394,0,0
61.19618620422091,3.4935641547586203,106.0950989621244,2020.7831686269303,0,0
85.01746093877199,8.881099227249267,105.16163022926467,2001.9932103745796,1,1
74.47462188472221,3.0431158342992912,105.77516954607212,2095.088285435077,0,0
68.3898592275397,3.8515832644547183,79.05562473285097,1969.5431955571216,0,0
77.18167702852989,5.403218534618231,105.39654774345072,2046.2288932931424,0,0
67.22261440419872,4.294694991822033,106.92775769708236,1926.045535595124,0,0
72.59951069764377,5.271306667223649,117.009715194165,2014.9597811090048,0,0
63.32694696544884,4.078942757675883,96.68406221068454,2011.5703175638707,0,0
77.7496720250877,5.07534154874852,95.24465553264643,2089.0226375646203,0,0
76.86829272581478,1.4226417365741266,112.354317757568,1949.448143497713,0,0
64.73158790426822,6.2175583574198985,96.6001627764848,1984.5619104403308,0,0
74.69141902988,5.442848862560905,94.32192157815896,1926.18847598453,0,0
80.44207560637243,9.946692643530174,101.54648543236624,1989.993272288593,0,0
72.16131475317077,6.626750795436388,94.00350488549068,2129.4694858694525,0,0
65.13465529559222,6.024818606001603,100.97488939023695,1878.931012406136,0,0
81.57329283336755,7.677162558777642,113.16176081530024,2008.9714760647464,0,0
79.09032635120033,6.468860386705405,115.78342677497284,1989.1192288641168,0,0
80.30373962440993,5.050854085523507,110.56288483746124,2036.1247884721467,0,0
68.95765894729796,5.610635575098248,97.21205020228447,2008.4012800879768,0,0
76.75426165349502,3.501768695998926,103.1470994239076,2027.0414105192249,0,0
86.48479625288465,8.368051008977506,79.01812536728798,1977.742974368433,1,1
59.15161291137149,5.09883741290336,105.83404915798192,2045.2074797425792,0,0
67.5528027874089,6.008440112060603,95.18282949064474,1964.5040433523968,0,0
77.37556959115402,8.552129888756635,93.72538833524298,1966.723306649566,0,0
64.8373804823623,7.153356489745435,105.46398951667273,1969.2904790937253,0,0
73.3643061798341,5.888494320520015,89.57071738191263,2000.6450647784152,0,0
69.53181905630414,4.567905802473082,110.78426194472948,2045.057181526461,0,0
55.83837037507929,4.638913544016424,94.16439452103928,1979.792304714634,0,0
73.40681163287653,7.116038480631342,103.28563115187517,2014.543559532204,0,0
77.82321827907003,2.6669393992381365,104.59204181599527,2080.7990839958966,0,0
68.92195210715988,2.514284622301543,101.1126851916749,2033.1691524423693,0,0
79.14810100858044,6.41986550536008,99.86137865495728,2033.7252516577407,0,0
75.97296110256866,5.312737955863371,96.27437719429084,2018.1792136923093,0,0
73.71063745535946,4.706791034621039,108.17992099257336,2073.099641543416,0,0
68.21663432910064,6.596256053511565,97.97346737177853,1995.680750782425,0,0
66.11750429753499,5.235718675553802,108.5311026444974,2139.1617571123666,0,0
65.77163447752943,3.7902355564616266,108.25224419181626,2041.0600574875912,0,0
66.77213963982302,4.7190045352680485,110.85671909183638,1950.2001446519305,0,0
63.15098510210461,4.454640057627456,94.10839612011058,1966.0647933944197,0,0
68.93278564534896,4.335104802773145,105.07611822943248,1918.5395480459972,0,0
73.1620386952776,6.046380455508799,108.7865485018038,1959.8098409951456,0,0
67.076911346714,3.647011025835204,100.72345217319182,2079.4723468052352,0,0
67.57913024375631,5.946836535457675,112.1506560559164,1942.248507979599,0,0
71.42777037428829,5.348141956892806,100.37566858707252,2022.6002684291225,0,0
77.40980384218268,4.922067843648833,106.20933395613991,2075.968909147597,0,0
70.09424811472424,4.346353254544071,101.23018673526757,2005.2023240519543,0,0
68.77128467957027,6.140759179376214,92.1227756673448,2023.2692038409589,0,0
61.91844695781706,5.764524615863493,98.86003447160374,2000.4755919970496,0,0
74.35562351715846,4.063234317367134,100.37563351381112,1999.6414394509336,0,0
93.43868555772715,7.696704702478637,103.90192610605403,2013.9229394723704,1,1
71.94579597833965,6.000867721143862,96.08700110101624,2021.412719875843,0,0
72.74441917658682,5.325811906292602,96.4578138408336,2054.326527894941,0,0
67.57940752707592,6.488942154469145,113.59718213000896,2050.1360707588656,0,0
67.744205707955,8.181490348767664,96.5869548533994,1999.2626140991576,0,0
66.25756731721724,5.9668931486227645,98.0533630497532,2060.826411627477,0,0
61.27146283570174,3.570439304952725,93.7866827647802,1960.98696372606,0,0
70.03589233453971,4.466097624369544,120.54809818638648,1945.6794523322192,0,0
73.22742090570537,7.507021363156214,94.5697805361421,2059.3795909009004,0,0
66.63254687878066,5.018335322622754,111.04477703837466,1929.5548047787297,0,0
76.77786467855174,5.980218472927611,97.98053931246982,1973.044466964917,0,0
72.44627267538164,5.651395474883107,90.6652884157496,2031.533993104894,0,0
69.66960100676341,6.973262436410156,95.65205306627784,2030.3074849879235,0,0
83.06829975502563,11.829410775842582,105.347039496362,2004.9614811690535,0,1
87.73390296396047,7.027942884951374,123.42857008287407,2005.7084541744064,0,0
66.52699815418427,4.9669548912245896,106.31900339157814,1890.894935289952,0,0
73.56499215086194,2.758943310065374,91.49802254185344,2012.1551529164208,0,0
72.3333549098304,4.594442901296313,121.17730003008565,1984.0243775040483,0,0
67.27942998942903,3.531049654576047,104.9173964075622,1975.0495867785105,0,0
64.34898137663038,5.487137359300313,95.37370723407108,1964.1902743193336,0,0
64.44271021531483,5.408355087991082,95.84908663274672,2062.761312331729,0,0
70.42659071282512,4.0611259734730965,111.2643371674603,2022.585010048797,0,0
66.83622485057481,3.973339396870726,82.10954845753677,1954.6251809632004,0,0
68.77921682354676,3.7967008879472313,101.80338690663888,1945.8167083285955,0,0
73.5058637115545,6.4337041176687215,98.17098432576071,1984.796737096712,0,0
63.53246187397952,5.8353120835522185,105.20976873491772,1944.1401167129775,0,0
67.6443767409106,6.54637900755036,96.57282223121857,2068.409451187429,0,0
67.32332456491889,5.502581527868257,101.65384769023863,1912.9141690066947,0,0
65.3771794281095,5.856711863057111,102.66295356440624,1993.6246010545424,0,0
68.85304627965986,3.298743282083314,87.78702615394775,1996.955701154665,0,0
60.10350094812106,5.386059659626024,107.14549761463506,2055.7117173371303,0,0
57.5609567173246,8.316034589023646,109.1670647258902,2000.2219261304908,0,0
69.95077595674809,3.832537170490245,105.8823679451506,1944.3077811299493,0,0
58.14170319570554,1.9027020834745376,94.19644997147267,1945.646624353254,0,0
72.47352826887516,6.617188093692158,96.2948664340613,1924.8787701178223,0,0
72.77028885557954,6.703430878237214,100.21665411703565,2017.859643949747,0,0
76.47935890931507,5.701535155788328,89.15032012519524,2042.4728127552169,0,0
67.09991833673158,5.805211203837356,118.22463342993792,1956.093246346368,0,0
75.92852077331499,4.45148437620422,93.61014945933324,2044.6880898693917,0,0
69.12218027250393,4.588034375950554,100.97417343064312,2098.99741841453,0,0
71.46536236649341,3.6960695195170334,100.77078611381494,1945.2653977986315,0,0
68.05740773455557,5.036647760267051,86.24850607959696,2024.5939075289443,0,0
67.99102486529183,5.910143225309611,92.86287536134398,1976.088369607079,0,0
67.47910084496164,5.274491674467891,91.1467356778194,2039.6967560455253,0,0
66.35198765096295,3.2638763146768497,103.5833407119692,2047.7333408014688,0,0
59.79132565787855,5.459584223110121,107.78774307977784,2031.8476269997436,0,0
66.10073526889181,2.867975082022179,106.9945009060654,2115.867688280743,0,0
69.83037387036046,2.761846974281954,103.09157719517464,2042.7594526696412,0,0
69.29812470547331,7.616466672114667,105.21595160352508,1950.0026486603308,0,0
86.90981859236929,8.295986807963626,105.06587671697277,1943.3696354739373,1,1
69.07737321172075,3.9031181467805647,103.65181040302646,1991.852184459708,0,0
69.09248418932167,3.959293373147266,94.03376306016553,1965.8628577597883,0,0
72.85445255346583,5.160754872889394,96.89028533513928,2046.8168690414664,0,0
71.04767115131398,4.347291878056948,89.55812821135977,1974.300186083583,0,0
64.08370743667112,3.97092536444723,95.77504104567566,1967.2829064472448,0,0
76.78291692913992,5.672117511519337,104.67574912482158,2035.125150953168,0,0
72.92649718258168,6.212539324498563,93.73499783956672,2044.0107069812088,0,0
62.47639812984499,5.086796071140134,81.63994716643168,2069.954873963171,0,0
67.19221126834687,4.04468528869035,102.43986187997646,1982.7148047186463,0,0
85.47363642669823,10.54177996702626,107.18490297317128,2047.916635734257,1,1
77.40133941083494,11.57234458071022,91.97278283775084,2000.682645603753,0,0
83.11771374157834,7.197081381081449,92.51909017151335,1921.332652519713,0,0
76.35946210969328,5.410866630270768,89.80031281232311,1903.458319963796,0,0
84.63634949774223,8.248487315319435,87.74107736560055,2048.186893858656,0,1
75.23549151306077,6.225959305607489,92.57340834227622,1995.2878078237625,0,0
78.67468287918405,4.193032206767067,91.0205801435977,2022.8835805596796,0,0
70.39798931188018,3.703572107089197,91.70856514556596,1937.021863556513,0,0
60.62413765177128,4.867183678125481,84.4897381801668,2015.988902056341,0,0
59.57943530250706,6.995648516568225,99.57732001565206,2039.6197519707864,0,0
85.2933338579809,9.570005898412427,106.96189715826246,2000.7408004965253,1,1
69.72804051850923,10.166047107538452,98.70209170795306,2036.2001127500007,0,0
65.71613953086603,5.699666895260392,99.80319245671733,2058.257856194726,0,0
71.78556285755873,5.203886850827522,86.92357418906559,1996.527243107449,0,0
76.86424237338265,3.603497432551338,86.05702249795583,2020.2024583266484,0,0
86.93486997846897,13.028935509069214,120.3115871307323,2029.5181104057476,1,1
62.75993049791878,5.154376085784856,88.34025814319538,1979.7965274873764,0,0
72.31051737131635,6.175038065786047,105.709409939422,1853.189952811094,0,0
69.67655697483741,4.486542734826276,97.85479049664092,1910.0749752407664,0,0
69.15589138404995,4.410364698947808,98.82589699655132,1975.6065455963103,0,0
68.24575284961763,5.161640083178814,109.70633672611444,2020.2677084664567,0,0
80.49860894583257,3.3282015274879075,100.5202065043962,1989.8778412908327,0,0
70.33495358612436,7.212668546464783,101.84768650249023,1961.3663304669767,0,0
62.08911618326936,6.124649942733777,81.7448789101529,1947.024070765291,0,0
67.51214580807397,7.352778478208831,80.20670305003598,1999.8657137068376,0,0
78.47525520215376,5.050287053582881,107.27122481485492,1912.2116071120968,0,0
70.69943616419563,5.066828248356727,106.66542531982633,2040.5297486574293,0,0
77.65375416171848,6.977295600851038,103.4936355348238,2046.641944618112,0,0
80.37041334874986,1.9514693535524232,95.03123872658472,2014.141408005935,0,0
93.49510119108449,8.783721532114289,91.03666667028004,2036.0305274339464,1,1
61.65700370560902,4.73918926952812,88.33177230465934,1996.3835499348847,0,0
70.7587899612437,5.905468608441108,94.57201028283036,1945.1993976064475,0,0
67.00312488523113,4.404015121172957,99.21411607085643,2037.666558588911,0,0
66.20858965556205,8.476455183010817,91.75266020497637,1999.9464433231287,0,0
72.50332860690605,4.945129940184732,96.95377351645264,2066.1202162405866,0,0
74.26384591205614,9.488348955303792,98.53368225956396,1943.5257211202295,0,0
70.95948867936518,5.116378084229586,111.8474389870668,1934.3695866423652,0,0
67.96557377747813,5.504874568188552,84.94928125746196,2058.174749984869,0,0
74.75153795986787,9.403109309582703,87.74465277785097,2078.842491279461,0,0
71.08716436589862,3.1021123863721773,109.66125325530312,2039.8467962829295,0,0
71.0957516383197,4.869948295777687,103.43597535178216,1984.8369611166647,0,0
73.09869392351435,4.469211555769844,104.76613507019816,1987.6407317322796,0,0
94.06775198740432,7.501014324986271,102.73660119212502,2001.790130001792,1,0
63.61847791730832,5.292432638618281,108.34055451849368,1973.0825271244512,0,0
83.22171673508518,6.3184459596059765,96.24071754528644,1978.650981424662,0,0
63.21241230079033,6.052734560815016,94.1184687467943,1907.121427741654,0,0
69.01539096001555,5.330283971307699,91.35827920826036,2071.326807720332,0,0
71.97710492694019,5.314023286002033,104.5507557572037,2146.5160142746254,0,0
71.53701784859844,7.13593076831175,104.77296008809424,2042.7099824306408,0,0
68.00060880665814,5.502975884595962,98.52828352151565,1974.0029081288897,0,0
69.90743432003805,2.551977672460374,104.9982163597381,1958.8069344688456,0,0
67.27540456595526,6.285106132205687,85.68811666764248,2007.0146712850271,0,0
91.59390285479668,6.97956105752902,94.50873519010425,2036.896746313108,0,0
67.91902797557373,5.128392055916788,99.35689549880756,2024.579325379524,0,0
74.82043584144179,3.279260733482433,86.56790609416099,2003.4411828852324,0,0
67.71075806908755,5.310709155167853,106.98399121329402,2017.6990966335504,0,0
75.63352568413792,3.791012403410877,77.75615891391132,1982.963961423396,0,0
70.09672035405877,5.581519818549269,104.15379622505988,2023.537662077389,0,0
79.60183751072131,2.5712404152262027,70.31631569764147,1968.5850753991124,0,0
72.23854280008658,8.080728035129894,101.33499419061371,1966.561088060944,0,0
67.69680614520107,1.888270473475533,104.508123363318,1974.938102124996,0,0
57.04478853927545,4.647089135041342,114.22422955285822,1997.2829579481677,0,0
66.69106767615806,5.269871554319625,84.94252199435833,1972.457126483567,0,0
66.30314296270481,5.694952265351346,101.29446642547444,2041.1647497177664,0,0
65.30048449445567,6.098121427149533,108.46771109008245,1982.452362893096,0,0
75.95949667206787,4.500428568536717,97.57483550473978,2063.0475842740466,0,0
73.5920871173582,4.112185900485361,108.27775214371916,2049.866961287954,0,0
71.33563325505742,3.634513487107574,85.77941502832068,2108.2446294550728,0,0
73.35455624138437,7.419302556060693,98.65846673007594,2052.152126341819,0,0
67.23888477859515,4.548529531410167,109.9486869378794,2095.233994104082,0,0
71.15350452859342,5.990689928527326,88.75834015238065,2096.984572136419,0,0
69.0454810413635,5.09753694678317,116.78783807386856,2000.5796929662688,0,0
83.58050470599152,10.348456304260022,100.69085192724272,2004.9412022508216,0,1
72.56542710048646,4.167474947683836,107.20639231357266,2007.5433814255784,0,0
69.90645621777051,7.023768573333058,93.36661676487698,1934.4139783544656,0,0
70.2488684359048,2.393293076230251,105.72173131037464,1910.0321659391764,0,0
73.4315922847835,3.5046025603968096,96.07198983118856,2089.48953851542,0,0
67.94592856022707,3.0164788479750566,104.52274377648578,1972.19737212603,0,0
64.22818665883509,2.3478034509399226,90.9559949766913,1940.9404529702144,0,0
65.5759864298655,4.359793707597113,112.53734786219736,2001.080277379584,0,0
73.95515973521523,2.929101941150523,125.03171790905712,1948.4952461755256,0,0
75.05731517704179,3.071601328920841,108.14730721621682,2029.3226565166808,0,0
77.21816001734408,5.002674561656914,85.65419139095651,1950.4651245231885,0,0
65.5611524423073,4.622672149723796,101.25558522473578,1973.905829314748,0,0
70.29492110794799,4.510079329008181,120.6994773906968,2048.1303637038327,0,0
68.19344719016355,7.869032201535194,114.40110120069174,1995.0777342911624,0,0
66.65827402576599,4.947587749312051,103.09416185142052,2050.634610227547,0,0
68.91491474787814,6.192384670813339,96.76317245958812,2087.570453687445,0,0
71.32387655488989,7.070208408302772,110.90244283658063,1996.053666211272,0,0
68.16587794092656,4.00145980265968,100.07673193321506,1961.5838253151685,0,0
77.66716850648163,6.030286866518384,119.22224560269451,1957.3616068715037,0,0
68.461108825235,5.758603148709199,99.25407322991924,1951.617178585574,0,0
67.44991800572626,2.3858420391784385,105.00112829620866,2092.446930928093,0,0
70.17076208744012,4.661289876385937,88.1161532925993,2029.186468076091,0,0
69.58924410803715,5.796341471323924,93.29456838583316,2025.8637713680653,0,0
69.90491896048655,4.190613168894303,106.94326381149298,2036.0006765918129,0,0
80.3837399178042,5.200937570870353,95.7000859138516,2053.756037449088,0,0
72.31592397633793,3.7199007889413327,98.972325385124,2110.9371678765424,0,0
63.26436855235152,5.175245261258276,101.18350201123437,1922.818473906316,0,0
85.13848422339181,8.257561904025,99.36250078320822,2024.6359673283512,1,1
64.4756860346874,5.540339055616143,92.17820546047366,1988.9300870907448,0,0
72.8338586309209,2.752046754276182,102.40580757726592,2045.1245827778923,0,0
91.30683502573022,8.26498599329065,102.81583405085834,1970.7750392189023,0,1
87.8461098306166,10.83982858115642,77.1676136538496,2023.548353489258,1,1
63.28936125757443,5.5822786934821,112.6552292141854,1975.4060272592767,0,0
64.34965330479821,4.582440548588159,87.87259385125195,2010.7007194850416,0,0
66.01987071598255,7.358597315405491,92.39715561378408,1975.0018751395685,0,0
68.86745993877712,9.260163180461412,110.7510345380894,1907.9252645331767,0,0
68.7371592430342,6.786628782160215,107.63668149718995,2015.3654676868168,0,0
67.57318226085448,4.229149060026735,111.87427151682,2010.6190043011743,0,0
76.40508180867556,7.183151725872987,93.72972148169606,1975.8599655657524,0,0
72.77802233001724,5.292615388133903,91.74902700054476,1981.8107735195065,0,0
63.259764440299165,2.7764048195063467,81.31025924173123,2002.182006623287,0,0
78.38688543902745,3.185847006561412,77.91721980119908,1959.9105446024475,0,0
75.90064086870764,3.616473006407123,112.23579659759274,2021.3012505896488,0,0
63.23745655279639,6.984054829983469,100.17068825199726,2005.0868602919963,0,0
83.9406677361781,10.894165073544311,94.6283573761168,2022.1376660654555,1,1
67.21254107496082,5.436804132707048,103.02971873587283,1942.787259186769,0,0
73.45236343060756,4.818468453485654,101.7205892236626,2047.9787946192569,0,0
74.32877597085061,5.981646540658431,105.15660630083394,2031.1505514648877,0,0
72.78845530362562,4.395401197944917,101.70484680696914,1997.575206922559,0,0
71.7429755993049,4.689025855987633,107.43510670334597,1988.8246469851745,0,0
78.89587238673735,12.068543118724827,99.29539659534004,1963.778011994836,0,0
63.80370802573264,5.082798863795134,102.12726121191784,2007.6881914772357,0,0
75.00912426840969,4.437336507584654,103.0017504928452,2002.1453663083848,0,0
85.36153284440205,8.429370528577037,109.84592894895798,1990.394765968516,1,1
72.85589703109605,4.312665456115249,98.12306068578236,2036.2047101253047,0,0
72.12943603096518,5.675233450919971,93.41526404738744,2058.060570120581,0,0
62.83424092737644,6.003627815401286,111.37058860045522,1987.504075758024,0,0
87.18336958750973,9.623228390069553,87.22915437668881,2059.8711599902454,1,1
68.3296138451003,2.664573369940283,97.26867856280748,2042.546846388789,0,0
74.59227221971207,1.8198691773197384,103.243659742438,2049.7508789807944,0,0
59.14214297619776,6.704683361487268,100.62179229812288,2025.0166603660316,0,0
86.91630507600401,10.571691208325232,98.39346713633924,1893.8310730800888,1,1
62.03503133234165,0.9310811542843432,96.53895728219985,2091.4312631220914,0,0
81.42567036375885,11.269415345439189,115.75720450373764,2014.7284256287585,0,0
78.77397090992183,5.448196670482643,91.0616677936091,1967.3051452884015,0,0
76.33455574593312,4.381281482168095,106.8589045643792,2046.019808062724,0,0
76.27701804729948,5.4382532423109895,97.38432776773465,1998.6550073755309,0,0
71.1163541796013,5.553895666474857,88.77849438513586,1932.6157600026256,0,0
70.49666152714613,3.140656570879641,84.39829174870056,2034.787289623632,0,0
66.4616526719061,3.891953752505656,97.37766430617144,2053.39283386472,0,0
63.90357766738903,6.373735672396407,82.03802244665448,1889.7032410042807,0,0
80.6916485124155,7.930248909118786,97.45625582973436,2076.508602761026,0,0
73.256956256529,5.598976402578696,98.87873556388656,2046.9659945116227,0,0
77.67963206627435,11.373747991470983,96.29963387431803,2051.44245768048,0,0
72.38178884678109,5.751375993628786,98.756990611215,1999.124131855213,0,0
69.6211785673227,2.4259501275339663,102.28187288960956,1873.4284977111,0,0
59.39649923682467,4.641871096904849,78.66880782281889,2004.2444120763332,0,0
65.47841687447796,4.834991751948423,100.3080713499795,2032.840291425474,0,0
70.48497982496359,5.334921369883056,102.52003761201928,2031.8117914215163,0,0
68.38969241897162,6.093411791855676,81.66829548301273,2038.7312817637576,0,0
66.8051912615525,3.8404554355959455,87.7625515334373,1975.4904546885653,0,0
73.10336048775339,6.046961045195147,100.74887584371558,2037.8877390104087,0,0
70.44203443145923,3.165169654907105,111.85006983583015,2015.5076913050752,0,0
65.51678886342395,4.161800641906489,95.42183030409814,2025.5366033067944,0,0
73.75289583760883,4.893319563754496,82.30489763647527,2006.5807686636367,0,0
82.80042269134397,3.528011095223803,96.8016773587192,2069.440005180979,0,0
73.85960077418338,2.975592116432108,92.0217787855722,2024.3442975150283,0,0
54.11648093402,5.552746380258558,95.0983268462344,2004.381257758498,0,0
66.50252389916179,3.836590457843595,112.20476391081074,2075.1363840399645,0,0
76.60207004891917,5.171463129588871,81.384866393408,2010.5142281947612,0,0
78.94292338855222,7.829604011862371,101.64956875409024,2058.2232346256105,0,0
69.33915322177815,5.160843932628729,99.21613300270609,2025.1929967086248,0,0
60.59994983046119,6.497326483957595,85.17523484636358,1981.8375408873585,0,0
65.715740674361,5.370907178163134,91.68028891921468,1981.013443748308,0,0
72.39489912873196,3.8692068294635575,99.18806815864532,1966.7429850357796,0,0
68.4047303216669,7.308713518715976,81.3375406515041,1929.5788307897,0,0
67.2128847344584,3.809810405174793,117.48135572524284,2019.785576620848,0,0
82.24190798021786,11.10629896506888,99.18720451986414,1990.23527101019,1,1
82.68325334124184,7.032837176703611,83.63198135689208,2037.39976993136,0,0
97.49699767714016,7.617329013200538,91.49217251371846,1963.9805820599763,0,0
71.62179640860802,4.923321960476933,100.7793729655821,1930.095898004061,0,0
64.66233542872864,4.937792333001278,106.08491648678078,2027.4834906744024,0,0
59.567611708144575,7.47181640867551,111.490146960524,2024.5778959701288,0,0
59.23328540064378,4.323045703484503,90.79511212260422,1984.6613657668183,0,0
74.1784605603257,7.533783400477518,86.06182352125795,1961.892076848689,0,0
70.82147382685285,5.575182522281324,115.20664172981186,1955.798181289756,0,0
71.74900012283953,3.806044439224253,97.72115711618096,1982.5845802478,0,0
71.63463686882082,4.48390406494366,87.91517795730924,2016.6173185736,0,0
68.2567393279607,7.322958942536054,108.88987749183644,1989.4836113567253,0,0
70.2066281613531,2.7045812961053186,98.47270055019844,2057.506433919681,0,0
66.21824627357849,1.4235398168213815,105.69289323270064,2021.3884472175305,0,0
71.61487251808835,6.572305951512914,108.83624548970973,2007.787595391564,0,0
73.92900079325416,3.5023387206849224,76.57521662334653,1899.8525793067404,0,0
73.87577747017392,4.875953382472402,104.0113826126423,1959.8030811636415,0,0
69.87222964504278,5.111764390740159,91.60391627959328,2001.0014874412173,0,0
73.53039456907565,5.131087143380182,79.47217566829474,2004.5859474874185,0,0
69.24941524373097,4.113772477862856,106.67355284454678,1991.8469360136512,0,0
69.07356170561145,5.781134180538067,108.6033255941672,2033.412406197068,0,0
68.49767025639647,8.01270951647255,86.5902796401872,1922.481156453438,0,0
73.99970950971024,5.922416958547068,92.27166269111036,2020.525339574319,0,0
75.58416887764977,6.429514247321075,115.53354699055896,2056.325894684285,0,0
66.33483502238005,1.891467227456003,100.0698491625594,1967.0350481574771,0,0
86.53626914672522,8.697420594138213,109.13391090802185,1976.5669745260104,1,1
76.81281426356226,4.539130661507403,113.15048059524202,2026.0280397921936,0,0
65.90371070139251,2.41098407199985,102.39466988780435,2096.9731774785064,0,0
70.88875053134015,5.574382565085895,77.4746648521635,2012.327604774866,0,0
71.03180885662725,3.964585650144193,109.4370163439984,2102.519832555576,0,0
64.26827303490656,3.832857821250928,108.99561376738308,2000.860979136528,0,0
66.10581478589782,6.532944732590005,95.78897227838168,1988.3104316200145,0,0
77.0467372009279,5.402890371566447,99.35796205047286,2039.363684740811,0,0
73.91436867474286,5.370359095124917,86.81907964204494,2008.0305651077583,0,0
74.10951252187611,5.151186608967209,96.89603863524486,1961.6760113545715,0,0
78.74068534560418,4.7105279483589655,99.58719226607629,2087.042903850722,0,0
88.8114629128469,9.91451886422917,101.37758405174036,2044.952076641856,1,1
88.79905298318265,8.771753225126652,102.74468335636566,1996.7235442255524,1,1
73.01593715541172,5.530655946337085,96.72674424927604,1892.0365532340115,0,0
69.26397360657201,5.365836412430676,128.24167009402728,2003.8051208234292,0,0
90.15916531710138,6.09195296419752,87.22628866449382,1971.034734571048,0,0
65.5906267438614,4.2089164075405705,108.3801405453631,2106.505213316048,0,0
68.14279567002104,9.236495886504567,90.79847768542314,1902.5810746633924,0,0
80.43023524768557,5.363106005431951,106.46045343428732,2068.945562150084,0,0
70.23001373626637,7.577545993645813,99.17113016125134,1991.9436256657,0,0
80.26486012250831,6.098226839082104,101.51216221337548,2025.094719493031,0,0
86.24374001902987,9.239070464500989,98.66684193481892,2058.061113657708,0,1
72.89928642647565,5.2497279088657205,100.39355754994196,2018.63836121382,0,0
69.54300221245443,4.886493391014405,107.53601109159814,1949.8283094620888,0,0
89.3827061717656,10.997726711519022,107.83660474226708,1940.0358789017932,1,1
68.6000334906276,5.499140717955515,127.35960159383488,1966.131888563912,0,0
73.09443149011577,4.99756742455493,98.4750032169008,2054.34578088945,0,0
78.02169554154298,5.858707117669604,104.73045272838002,1993.944030093868,0,0
69.610814014936,8.29496908246843,90.82738357822711,2007.9917675954048,0,0
63.88029866618872,5.746682464126666,99.20623859979688,2042.6007517454248,0,0
87.07448562453652,8.474725463106566,109.83736043903563,1994.0732882985567,1,1
66.51614090785212,6.124618213157522,98.866452058927,1940.314407287786,0,0
64.37255476350812,5.139737506549613,93.1984763424818,2021.391893026802,0,0
78.55854240071172,4.71821089848692,82.04017265415976,2007.7425224155195,0,0
76.70225223011572,6.031140132689757,106.79381373011906,1960.0763601600183,0,0
76.31292051713591,6.981493684311065,112.0750319495192,2090.8655409862804,0,0
58.04847816265281,5.521096229652143,94.76895693115505,1956.1111346782093,0,0
75.40024032857325,1.925728225717512,81.75022253038884,1928.2315586476557,0,0
76.53571377141213,5.804620849837015,107.52891081493784,1949.575928635684,0,0
84.10306551628831,8.898077145808134,89.10486591726544,2019.10656379454,1,1
73.3246358115087,3.523049469473067,100.35843294858049,2046.4594780773853,0,0
71.02379441200893,5.32503364624651,91.3769306383632,2063.439029420692,0,0
77.81706679416054,3.6835739647056425,107.83304237088714,2029.8396888665409,0,0
65.88889802216784,3.419246756953481,95.49259722697248,2057.646708848739,0,0
74.03561298318655,2.9538410092724625,104.31283816886298,2004.0822354509128,0,0
73.20271467537387,4.471319402543387,82.28943197662818,1974.1969911734827,0,0
75.66885048433532,6.239604975995787,72.92434306327891,2027.257043975527,0,0
70.09573888707877,4.843462325842871,101.73923511975153,2080.403856772677,0,0
73.4638451592443,3.460469566415156,95.9441264325232,1915.7953135326295,0,0
63.45589800440444,5.048958255036308,111.57519605809958,2035.7932314785571,0,0
68.3982634590284,4.778989660067741,86.68086889608914,2035.174676135559,0,0
71.25736804470256,4.76037725301262,93.95486139440204,2024.4619887706176,0,0
69.1368635002959,5.164357370116787,99.95737062356125,2002.2411565966145,0,0
69.06551920919007,6.463735005932845,119.83373599422576,1965.148426531757,0,0
68.98737886467585,4.425773778519875,104.98914400964416,1957.9043479582967,0,0
75.01766448946012,7.411367459599266,104.33749685960962,2038.7386695037176,0,0
80.9242284530947,10.35113267577413,109.21936378007616,1983.4973632378,0,0
76.17891095911077,5.579879344857789,111.12046842103206,2004.3347285742768,0,0
74.42065620014202,7.927117806671184,104.37952262979756,2141.10001249192,0,0
63.85778084367119,6.713311089328337,94.5923664502278,2048.4372310583626,0,0
72.69455021842329,3.0864760100064026,97.39391667666042,2039.7463008836971,0,0
70.49033769769473,3.966332303417315,91.67929532267205,2004.2170516099104,0,0
59.68298423760272,5.049160456333672,90.65391087409768,1970.417817986824,0,0
68.65555654722584,4.80361129231081,96.1241910874443,2025.215950778228,0,0
65.90900558288847,5.657868936381508,105.91801191145017,1965.2177274939904,0,0
72.42366408647237,2.6477835298699244,114.93928143642198,2014.4905597783309,0,0
69.9277386456086,4.854859845219666,92.85335883159009,2047.327426385839,0,0
67.49382946104893,4.218660644144356,97.15860445311031,2037.334242804734,0,0
73.8589808861783,6.337816451855412,91.91205881583568,2042.9229421319517,0,0
66.0755084345888,2.255477277187876,95.3559821859009,1951.7671205552472,0,0
85.68623447277594,7.31528388847721,85.71932823894555,1922.8903552906388,0,0
73.26153075805115,5.280660650187638,104.18091427506602,1925.8940814782995,0,0
60.31623648748767,7.15126555478049,95.85789219072468,1976.8584738284812,0,0
74.45191581759893,5.362703107333623,76.44081075067677,1937.832063119532,0,0
70.17356874376281,3.6996731226748,91.9691541928094,2081.355902607988,0,0
67.89906591452072,5.24088414975764,94.4720908245482,2096.247025659353,0,0
83.29643155911918,11.258203796834229,99.59795265463622,2021.048639126573,1,1
69.64199370292968,6.118041086116814,104.91003945957752,2007.205818138984,0,0
65.53606242254058,5.600254407800746,107.46373241825373,1975.255967091034,0,0
71.48492336616593,5.488366725180605,96.06798996317808,1979.566382714698,0,0
87.66077871221455,7.18373388119578,127.14816939486322,2091.001740638372,0,0
74.41166531161704,3.063586670760164,78.38837896428291,2052.055390826228,0,0
68.93271610324781,3.5434069563384005,107.59442173822583,1999.7206433015908,0,0
76.17375957022398,6.82467108091562,99.00449316815032,2079.6426032186,0,0
68.79837300920933,6.882718682562356,83.61754340905466,1968.986785166616,0,0
69.55439980243605,4.188489701325651,94.16877168675704,2021.8508811036709,0,0
65.52696348890248,4.6540075000404375,105.080122910546,2001.7370616769515,0,0
72.93428546900135,6.033746685611503,97.20387280095323,1997.0696462108765,0,0
63.31637280562035,4.428293454989872,113.175408190174,1986.0447071820024,0,0
